[{"items":[{"device":"tablet","url":"kitchensink/index.html","text":"Kitchen Sink","icon":"kitchensink/resources/img/icon.png","desc":"Compact overview of all Sencha Touch features.","status":"updated"},{"device":"tablet","url":"twitter/index.html","text":"Twitter","icon":"twitter/resources/images/icon.png","desc":"Simple Twitter client.","status":"updated"},{"device":"tablet","url":"kiva/index.html","text":"Kiva","icon":"kiva/resources/images/kiva.png","desc":"Lend out some money.","status":"updated"}],"title":"Application Examples"},{"items":[{"device":"tablet","url":"carousel/index.html","text":"Carousel","icon":"carousel/icon.png","desc":"Flip through pages."},{"device":"phone","url":"forms/index.html","text":"Forms","icon":"forms/icon.png","desc":"Demo of the available form fields."},{"device":"phone","url":"navigationview/index.html","text":"Navigation View","icon":"nestedlist/icon.png","desc":"Stack based navigation view."},{"device":"tablet","url":"icons/index.html","text":"Icons","icon":"icons/icon.png","desc":"Built-in icons for toolbars and tabbars."},{"device":"tablet","url":"overlays/index.html","text":"Overlays","icon":"overlays/icon.png","desc":"Examples of overlay windows."},{"device":"phone","url":"nestedlist/index.html","text":"Nested List","icon":"nestedlist/icon.png","desc":"iPhone style menu."},{"device":"phone","url":"picker/index.html","text":"Pickers","icon":"picker/icon.png","desc":"Pick month, day and year."},{"device":"phone","url":"tabs/index.html","text":"Tabs","icon":"tabs/icon.png","desc":"The simplest tabbar."},{"device":"tablet","url":"tabs2/index.html","text":"Bottom Tabs","icon":"tabs2/icon.png","desc":"Larger tabbar example."},{"device":"tablet","url":"toolbars/index.html","text":"Toolbars","icon":"toolbars/icon.png","desc":"Overview of all kinds of different buttons."}],"title":"Component Examples"},{"items":[{"device":"phone","url":"yql/index.html","text":"YQL","icon":"yql/icon.png","desc":"Yahoo! Query Language example."},{"device":"phone","url":"ajax/index.html","text":"AJAX","icon":"ajax/icon.png","desc":"Loading data through JSONP and XMLHttpRequest."}],"title":"Utility Examples"}]