<?xml version="1.0"?>

<!DOCTYPE hibernate-mapping PUBLIC
    "-//Hibernate/Hibernate Mapping DTD 2.0//EN" 
    "http://hibernate.sourceforge.net/hibernate-mapping-2.0.dtd">

<hibernate-mapping>

    <class name="Event" table="event">
        <id name="id" column="event_ID">
            <generator class="increment"/>
        </id>
        <property name="date" type="timestamp" column="event_date"/>
        <property name="title"/>
        
	    <set name="persons" table="PERSON_EVENT">
	        <key column="PERSON_ID"/>
	        <many-to-many column="EVENT_ID" class="Event"/>
	    </set>        
    </class>

</hibernate-mapping>